<?xml version="1.0" encoding="UTF-8"?>
<project-private xmlns="http://www.netbeans.org/ns/project-private/1">
    <editor-bookmarks xmlns="http://www.netbeans.org/ns/editor-bookmarks/2" lastBookmarkId="0"/>
    <open-files xmlns="http://www.netbeans.org/ns/projectui-open-files/2">
        <group>
            <file>file:/C:/Users/LENOVO/Documents/NetBeansProjects/DataStructure/src/datastructure/BST.java</file>
            <file>file:/C:/Users/LENOVO/Documents/NetBeansProjects/DataStructure/src/datastructure/Test.java</file>
            <file>file:/C:/Users/LENOVO/Documents/NetBeansProjects/DataStructure/src/datastructure/InvAlbum.java</file>
            <file>file:/C:/Users/LENOVO/Documents/NetBeansProjects/DataStructure/src/datastructure/Album.java</file>
            <file>file:/C:/Users/LENOVO/Documents/NetBeansProjects/DataStructure/src/datastructure/PhotoManager.java</file>
            <file>file:/C:/Users/LENOVO/Documents/NetBeansProjects/DataStructure/src/datastructure/Photo.java</file>
            <file>file:/C:/Users/LENOVO/Documents/NetBeansProjects/DataStructure/src/datastructure/Test2.java</file>
            <file>file:/C:/Users/LENOVO/Documents/NetBeansProjects/DataStructure/src/datastructure/LinkedList.java</file>
            <file>file:/C:/Users/LENOVO/Documents/NetBeansProjects/DataStructure/src/datastructure/InvIndexPhotoManager.java</file>
        </group>
    </open-files>
</project-private>
